Time,Open,High,Low,Close,Adj Close,Volume
2024-05-31 12:00:00-04:00,203.74,203.75,203.4179,203.48,203.48,368884
2024-05-31 11:30:00-04:00,203.9,204.09,203.63,203.75,203.75,983962
2024-05-31 11:00:00-04:00,204.26,204.3,203.785,203.8901,203.8901,1364330
2024-05-31 10:30:00-04:00,204.4185,204.435,203.79,204.26,204.26,1444174
2024-05-31 10:00:00-04:00,205.4,205.45,204.33,204.415,204.415,1495184
2024-05-31 09:30:00-04:00,204.95,206.28,204.47,205.42,205.42,3600138
2024-05-30 15:30:00-04:00,204.22,204.285,203.26,204.08,204.08,3717675
2024-05-30 15:00:00-04:00,204.32,204.38,203.84,204.22,204.22,1670166
2024-05-30 14:30:00-04:00,204.5,204.6,204.25,204.32,204.32,529525
2024-05-30 14:00:00-04:00,204.76,204.76,204.18,204.52,204.52,1059339
2024-05-30 13:30:00-04:00,204.76,204.93,204.58,204.765,204.765,12527936
2024-05-30 13:00:00-04:00,204.78,204.939,204.59,204.75,204.75,1097847
2024-05-30 12:30:00-04:00,204.6,204.87,204.555,204.7799,204.7799,768621
2024-05-30 12:00:00-04:00,204.44,204.8799,204.44,204.6,204.6,982608
2024-05-30 11:30:00-04:00,204.615,204.755,204.39,204.43,204.43,1084394
2024-05-30 11:00:00-04:00,204.08,204.64,203.73,204.615,204.615,1248610
2024-05-30 10:30:00-04:00,203.96,204.29,203.69,204.085,204.085,975636
2024-05-30 10:00:00-04:00,203.82,204.16,203.259,203.965,203.965,1596648
2024-05-30 09:30:00-04:00,203.7,203.9,203.0802,203.8,203.8,3717006
2024-05-29 15:30:00-04:00,202.33,202.42,201.98,202.17,202.17,4851674
2024-05-29 15:00:00-04:00,202.04,202.5,201.99,202.345,202.345,1732865
2024-05-29 14:30:00-04:00,202.13,202.38,201.92,202.04,202.04,1358614
2024-05-29 14:00:00-04:00,202.47,202.55,202.13,202.15,202.15,1002679
2024-05-29 13:30:00-04:00,202.6,202.64,202.18,202.52,202.52,1276982
2024-05-29 13:00:00-04:00,202.67,202.7,202.1,202.6,202.6,1202510
2024-05-29 12:30:00-04:00,202.66,202.775,202.3001,202.66,202.66,1605608
2024-05-29 12:00:00-04:00,202.46,202.77,202.21,202.66,202.66,914677
2024-05-29 11:30:00-04:00,202.61,202.62,202.29,202.46,202.46,792750
2024-05-29 11:00:00-04:00,202.59,202.77,202.2895,202.62,202.62,1007339
2024-05-29 10:30:00-04:00,202.69,202.945,202.3,202.6,202.6,1237037
2024-05-29 10:00:00-04:00,202.66,203.005,202.43,202.69,202.69,1581328
2024-05-29 09:30:00-04:00,202.255,202.715,201.78,202.65,202.65,4939462
2024-05-28 15:30:00-04:00,204.63,205.22,204.62,205.19,205.19,2103885
2024-05-28 15:00:00-04:00,204.49,204.885,204.445,204.63,204.63,1232691
2024-05-28 14:30:00-04:00,204.37,204.54,203.965,204.5,204.5,1728162
2024-05-28 14:00:00-04:00,205.01,205.19,204.35,204.37,204.37,1586536
2024-05-28 13:30:00-04:00,205.575,205.72,204.831,205.02,205.02,1054871
2024-05-28 13:00:00-04:00,205.831,205.88,205.38,205.57,205.57,869488
2024-05-28 12:30:00-04:00,205.9199,206.19,205.79,205.83,205.83,637563
2024-05-28 12:00:00-04:00,206.22,206.31,205.875,205.91,205.91,675568
2024-05-28 11:30:00-04:00,206.08,206.305,205.79,206.23,206.23,786158
2024-05-28 11:00:00-04:00,205.83,206.19,205.455,206.08,206.08,979878
2024-05-28 10:30:00-04:00,205.64,206.13,205.22,205.82,205.82,1281144
2024-05-28 10:00:00-04:00,205.96,205.97,205.31,205.645,205.645,1684572
2024-05-28 09:30:00-04:00,206.97,207.09,205.82,205.92,205.92,2810474
2024-05-24 15:30:00-04:00,204.96,205.52,204.93,205.45,205.45,3150656
2024-05-24 15:00:00-04:00,204.91,205.06,204.62,204.99,204.99,1012911
2024-05-24 14:30:00-04:00,204.945,205.125,204.875,204.915,204.915,760048
2024-05-24 14:00:00-04:00,205.245,205.395,204.94,204.94,204.94,971844
2024-05-24 13:30:00-04:00,205.3,205.33,205.145,205.25,205.25,719385
2024-05-24 13:00:00-04:00,205.18,205.41,205.115,205.33,205.33,639595
2024-05-24 12:30:00-04:00,205.49,205.51,205.1783,205.1783,205.1783,780284
2024-05-24 12:00:00-04:00,205.13,205.56,205.1,205.47,205.47,810728
2024-05-24 11:30:00-04:00,205.395,205.61,205.025,205.1301,205.1301,1491097
2024-05-24 11:00:00-04:00,205.19,205.68,205.1,205.4,205.4,1343145
2024-05-24 10:30:00-04:00,205.07,205.185,204.545,205.18,205.18,1686011
2024-05-24 10:00:00-04:00,204.12,205.12,204.12,205.06,205.06,2242209
2024-05-24 09:30:00-04:00,204.79,204.845,203.96,204.1,204.1,2907584
2024-05-23 15:30:00-04:00,202.795,203.31,202.725,203.25,203.25,4912710
2024-05-23 15:00:00-04:00,202.42,202.92,202.4,202.795,202.795,2443648
2024-05-23 14:30:00-04:00,202.52,202.87,202.35,202.43,202.43,1967346
2024-05-23 14:00:00-04:00,203.3,203.31,202.4,202.53,202.53,4870730
2024-05-23 13:30:00-04:00,204.61,204.61,203.25,203.29,203.29,2182824
2024-05-23 13:00:00-04:00,204.75,204.84,204.25,204.61,204.61,1615768
2024-05-23 12:30:00-04:00,205.59,205.815,204.75,204.755,204.755,1063666
2024-05-23 12:00:00-04:00,205.44,205.652,205.16,205.59,205.59,947425
2024-05-23 11:30:00-04:00,205.21,205.65,205.09,205.44,205.44,857739
2024-05-23 11:00:00-04:00,204.57,205.4999,204.55,205.22,205.22,1788394
2024-05-23 10:30:00-04:00,205.32,205.39,204.48,204.57,204.57,1592185
2024-05-23 10:00:00-04:00,205.47,205.905,205.02,205.3,205.3,1923527
2024-05-23 09:30:00-04:00,207.51,207.62,205.11,205.47,205.47,4069985
2024-05-22 15:30:00-04:00,206.355,206.8,206.075,206.62,206.62,3990367
2024-05-22 15:00:00-04:00,206.32,206.6875,205.94,206.36,206.36,1800874
2024-05-22 14:30:00-04:00,206.08,206.39,205.8,206.32,206.32,2026675
2024-05-22 14:00:00-04:00,207.59,207.59,205.9,205.93,205.93,2098127
2024-05-22 13:30:00-04:00,207.82,207.93,207.2,207.595,207.595,1099361
2024-05-22 13:00:00-04:00,207.99,208.136,207.805,207.825,207.825,692781
2024-05-22 12:30:00-04:00,208.1399,208.22,207.99,207.9946,207.9946,604414
2024-05-22 12:00:00-04:00,207.67,208.17,207.64,208.14,208.14,510073
2024-05-22 11:30:00-04:00,207.64,207.81,207.43,207.67,207.67,674007
2024-05-22 11:00:00-04:00,208.03,208.1,207.52,207.645,207.645,625603
2024-05-22 10:30:00-04:00,207.8,208.06,207.691,208.03,208.03,738411
2024-05-22 10:00:00-04:00,207.935,207.95,207.34,207.8,207.8,1311854
2024-05-22 09:30:00-04:00,207.53,208.15,207.16,207.91,207.91,2378395
2024-05-21 15:30:00-04:00,208.08,208.405,208.075,208.34,208.34,2198216
2024-05-21 15:00:00-04:00,208.14,208.32,208.035,208.085,208.085,1377057
2024-05-21 14:30:00-04:00,208.14,208.2551,207.985,208.14,208.14,505791
2024-05-21 14:00:00-04:00,208.315,208.33,208.145,208.145,208.145,377878
2024-05-21 13:30:00-04:00,208.27,208.36,208.15,208.32,208.32,600500
2024-05-21 13:00:00-04:00,208.28,208.39,208.07,208.275,208.275,918542
2024-05-21 12:30:00-04:00,208.255,208.3298,208.065,208.28,208.28,671748
2024-05-21 12:00:00-04:00,208.015,208.27,207.94,208.25,208.25,633884
2024-05-21 11:30:00-04:00,208.47,208.5467,208.01,208.025,208.025,701031
2024-05-21 11:00:00-04:00,208.49,208.69,208.32,208.47,208.47,754025
2024-05-21 10:30:00-04:00,208.34,208.68,208.27,208.49,208.49,648346
2024-05-21 10:00:00-04:00,207.97,208.56,207.96,208.3,208.3,1046126
2024-05-21 09:30:00-04:00,207.99,208.58,207.59,207.975,207.975,2488251
2024-05-20 15:30:00-04:00,208.945,208.955,208.5,208.61,208.61,3273039
2024-05-20 15:00:00-04:00,208.77,209.105,208.745,208.945,208.945,855016
2024-05-20 14:30:00-04:00,208.84,208.98,208.74,208.775,208.775,625856
2024-05-20 14:00:00-04:00,208.95,208.9632,208.51,208.85,208.85,645743
2024-05-20 13:30:00-04:00,208.99,209.085,208.88,208.9564,208.9564,441157
2024-05-20 13:00:00-04:00,209.36,209.36,208.94,208.99,208.99,604387
2024-05-20 12:30:00-04:00,209.17,209.43,209.155,209.37,209.37,594387
2024-05-20 12:00:00-04:00,209.38,209.43,209.09,209.18,209.18,652308
2024-05-20 11:30:00-04:00,209.36,209.48,209.23,209.37,209.37,1197921
2024-05-20 11:00:00-04:00,208.94,209.395,208.805,209.355,209.355,792983
2024-05-20 10:30:00-04:00,208.48,208.99,208.38,208.94,208.94,1210978
2024-05-20 10:00:00-04:00,208.4,208.85,208.16,208.47,208.47,1488526
2024-05-20 09:30:00-04:00,208.02,208.54,207.775,208.475,208.475,2625184
2024-05-17 15:30:00-04:00,207.915,208.13,207.63,208.13,208.13,5097902
2024-05-17 15:00:00-04:00,207.85,208.02,207.77,207.92,207.92,4988516
2024-05-17 14:30:00-04:00,207.69,207.93,207.62,207.845,207.845,2115964
2024-05-17 14:00:00-04:00,208.0,208.01,207.35,207.7002,207.7002,2934645
2024-05-17 13:30:00-04:00,208.035,208.12,207.922,208.0,208.0,853314
2024-05-17 13:00:00-04:00,208.05,208.11,207.77,208.03,208.03,1657836
2024-05-17 12:30:00-04:00,208.02,208.25,207.78,208.05,208.05,2332949
2024-05-17 12:00:00-04:00,208.19,208.38,208.0206,208.0206,208.0206,1269799
2024-05-17 11:30:00-04:00,208.0,208.23,207.82,208.195,208.195,2707673
2024-05-17 11:00:00-04:00,208.28,208.29,207.95,207.9999,207.9999,1978374
2024-05-17 10:30:00-04:00,208.49,208.52,208.005,208.27,208.27,2355786
2024-05-17 10:00:00-04:00,208.05,208.515,207.77,208.49,208.49,2116549
2024-05-17 09:30:00-04:00,208.01,208.51,207.56,208.06,208.06,3540067
2024-05-16 15:30:00-04:00,208.555,208.58,207.98,207.99,207.99,4115718
2024-05-16 15:00:00-04:00,208.47,208.66,208.36,208.56,208.56,1627090
2024-05-16 14:30:00-04:00,208.14,208.49,208.14,208.47,208.47,1149447
2024-05-16 14:00:00-04:00,208.38,208.425,207.945,208.14,208.14,1282413
2024-05-16 13:30:00-04:00,208.195,208.405,208.03,208.38,208.38,1338077
2024-05-16 13:00:00-04:00,208.5351,208.665,207.97,208.2,208.2,1615767
2024-05-16 12:30:00-04:00,208.53,208.625,208.355,208.535,208.535,1067481
2024-05-16 12:00:00-04:00,208.71,208.71,208.36,208.535,208.535,986473
2024-05-16 11:30:00-04:00,208.805,208.8495,208.63,208.715,208.715,1104023
2024-05-16 11:00:00-04:00,208.83,208.99,208.485,208.8,208.8,1679767
2024-05-16 10:30:00-04:00,208.7,208.95,208.61,208.825,208.825,1512143
2024-05-16 10:00:00-04:00,208.5,208.8,208.17,208.7,208.7,2227991
2024-05-16 09:30:00-04:00,208.9,209.35,208.26,208.53,208.53,3427508
2024-05-15 15:30:00-04:00,208.94,209.42,208.855,209.35,209.35,5917263
2024-05-15 15:00:00-04:00,208.915,209.17,208.795,208.94,208.94,1755428
2024-05-15 14:30:00-04:00,208.96,208.97,208.81,208.92,208.92,761399
2024-05-15 14:00:00-04:00,208.86,209.04,208.77,208.9499,208.9499,988527
2024-05-15 13:30:00-04:00,209.038,209.04,208.64,208.86,208.86,1431873
2024-05-15 13:00:00-04:00,209.25,209.34,208.83,209.035,209.035,1286641
2024-05-15 12:30:00-04:00,209.005,209.29,208.93,209.23,209.23,904359
2024-05-15 12:00:00-04:00,208.82,209.03,208.52,209.01,209.01,1182724
2024-05-15 11:30:00-04:00,209.0,209.2,208.78,208.82,208.82,1253951
2024-05-15 11:00:00-04:00,208.5,209.1,208.45,208.96,208.96,1911063
2024-05-15 10:30:00-04:00,207.89,208.665,207.89,208.49,208.49,1762829
2024-05-15 10:00:00-04:00,208.02,208.37,207.72,207.89,207.89,3583040
2024-05-15 09:30:00-04:00,209.21,209.77,208.01,208.02,208.02,6976332
2024-05-14 15:30:00-04:00,206.69,207.2,206.67,206.86,206.86,5446134
2024-05-14 15:00:00-04:00,206.65,206.76,206.5,206.695,206.695,1313104
2024-05-14 14:30:00-04:00,206.475,206.85,206.46,206.65,206.65,1462834
2024-05-14 14:00:00-04:00,206.105,206.62,206.08,206.475,206.475,1474543
2024-05-14 13:30:00-04:00,206.25,206.4,206.015,206.1,206.1,928643
2024-05-14 13:00:00-04:00,206.28,206.32,205.91,206.2525,206.2525,1432986
2024-05-14 12:30:00-04:00,206.42,206.535,206.125,206.27,206.27,1038777
2024-05-14 12:00:00-04:00,206.66,206.725,206.41,206.43,206.43,1119770
2024-05-14 11:30:00-04:00,206.88,206.91,206.625,206.67,206.67,1306006
2024-05-14 11:00:00-04:00,206.88,207.02,206.75,206.875,206.875,3674869
2024-05-14 10:30:00-04:00,206.755,206.93,206.11,206.88,206.88,2081821
2024-05-14 10:00:00-04:00,207.11,207.2,206.275,206.75,206.75,3401361
2024-05-14 09:30:00-04:00,207.13,207.74,206.48,207.12,207.12,6347996
2024-05-13 15:30:00-04:00,204.815,204.88,204.6,204.72,204.72,2888785
2024-05-13 15:00:00-04:00,205.09,205.14,204.74,204.815,204.815,1425513
2024-05-13 14:30:00-04:00,204.975,205.23,204.94,205.04,205.04,884461
2024-05-13 14:00:00-04:00,204.93,205.025,204.72,204.995,204.995,588893
2024-05-13 13:30:00-04:00,204.9295,205.0,204.705,204.93,204.93,678090
2024-05-13 13:00:00-04:00,205.29,205.29,204.645,204.92,204.92,1068673
2024-05-13 12:30:00-04:00,205.53,205.53,205.3,205.3,205.3,499895
2024-05-13 12:00:00-04:00,205.61,205.7183,205.46,205.53,205.53,973644
2024-05-13 11:30:00-04:00,205.55,205.7,205.25,205.615,205.615,896629
2024-05-13 11:00:00-04:00,206.09,206.16,205.52,205.555,205.555,940216
2024-05-13 10:30:00-04:00,206.24,206.425,205.825,206.02,206.02,1001883
2024-05-13 10:00:00-04:00,206.39,206.55,205.915,206.25,206.25,2736772
2024-05-13 09:30:00-04:00,206.125,206.4,205.44,206.39,206.39,3020930
2024-05-10 15:30:00-04:00,204.16,204.47,204.095,204.3,204.3,3279081
2024-05-10 15:00:00-04:00,204.065,204.1899,203.96,204.15,204.15,1017531
2024-05-10 14:30:00-04:00,204.02,204.085,203.795,204.07,204.07,1480023
2024-05-10 14:00:00-04:00,204.0,204.07,203.7201,204.03,204.03,549197
2024-05-10 13:30:00-04:00,203.79,204.01,203.78,204.01,204.01,981377
2024-05-10 13:00:00-04:00,204.1,204.15,203.68,203.78,203.78,1055985
2024-05-10 12:30:00-04:00,203.965,204.19,203.91,204.11,204.11,1201950
2024-05-10 12:00:00-04:00,204.25,204.26,203.905,203.96,203.96,985554
2024-05-10 11:30:00-04:00,204.25,204.35,203.85,204.27,204.27,1210181
2024-05-10 11:00:00-04:00,204.145,204.32,203.935,204.22,204.22,1240838
2024-05-10 10:30:00-04:00,204.55,204.87,204.04,204.1341,204.1341,2092334
2024-05-10 10:00:00-04:00,206.0,206.005,204.44,204.525,204.525,3357393
2024-05-10 09:30:00-04:00,206.35,206.62,205.79,206.01,206.01,2147734
2024-05-09 15:30:00-04:00,205.485,205.99,205.46,205.8,205.8,4478279
2024-05-09 15:00:00-04:00,205.365,205.59,205.34,205.4858,205.4858,1627119
2024-05-09 14:30:00-04:00,205.17,205.425,205.02,205.365,205.365,2221571
2024-05-09 14:00:00-04:00,204.92,205.22,204.85,205.19,205.19,425706
2024-05-09 13:30:00-04:00,205.04,205.125,204.91,204.94,204.94,922428
2024-05-09 13:00:00-04:00,204.85,205.19,204.69,205.05,205.05,1069884
2024-05-09 12:30:00-04:00,204.98,205.03,204.8,204.85,204.85,541804
2024-05-09 12:00:00-04:00,204.835,205.19,204.795,204.99,204.99,681817
2024-05-09 11:30:00-04:00,204.98,205.0,204.8,204.83,204.83,1599042
2024-05-09 11:00:00-04:00,205.06,205.27,204.9405,204.98,204.98,629758
2024-05-09 10:30:00-04:00,204.6,205.11,204.6,205.05,205.05,946804
2024-05-09 10:00:00-04:00,203.98,204.86,203.94,204.595,204.595,1706046
2024-05-09 09:30:00-04:00,203.97,204.47,203.41,203.98,203.98,2871008
2024-05-08 15:30:00-04:00,203.675,203.955,203.67,203.82,203.82,2240819
2024-05-08 15:00:00-04:00,203.52,203.71,203.39,203.68,203.68,1347444
2024-05-08 14:30:00-04:00,203.69,203.77,203.495,203.53,203.53,590999
2024-05-08 14:00:00-04:00,203.4,203.72,203.28,203.69,203.69,536441
2024-05-08 13:30:00-04:00,203.11,203.43,203.07,203.4,203.4,910648
2024-05-08 13:00:00-04:00,203.2,203.29,202.91,203.125,203.125,1569623
2024-05-08 12:30:00-04:00,203.28,203.35,202.94,203.17,203.17,705206
2024-05-08 12:00:00-04:00,203.6,203.66,203.25,203.275,203.275,950464
2024-05-08 11:30:00-04:00,203.68,203.73,203.51,203.595,203.595,683229
2024-05-08 11:00:00-04:00,203.68,203.87,203.565,203.6895,203.6895,759657
2024-05-08 10:30:00-04:00,203.67,203.9136,203.4,203.68,203.68,1256973
2024-05-08 10:00:00-04:00,203.38,203.76,203.1,203.5804,203.5804,1520829
2024-05-08 09:30:00-04:00,202.72,203.58,202.555,203.38,203.38,4276608
2024-05-07 15:30:00-04:00,205.26,205.36,204.87,204.92,204.92,3092650
2024-05-07 15:00:00-04:00,205.18,205.34,205.07,205.25,205.25,874667
2024-05-07 14:30:00-04:00,205.3,205.39,205.035,205.175,205.175,1599557
2024-05-07 14:00:00-04:00,205.32,205.485,205.205,205.31,205.31,808964
2024-05-07 13:30:00-04:00,205.88,205.905,205.28,205.325,205.325,886633
2024-05-07 13:00:00-04:00,205.81,205.93,205.665,205.845,205.845,591860
2024-05-07 12:30:00-04:00,206.11,206.12,205.76,205.805,205.805,709429
2024-05-07 12:00:00-04:00,205.97,206.15,205.945,206.11,206.11,810134
2024-05-07 11:30:00-04:00,205.8,206.04,205.7051,205.969,205.969,1046501
2024-05-07 11:00:00-04:00,205.76,205.96,205.745,205.81,205.81,1491048
2024-05-07 10:30:00-04:00,205.34,205.81,205.235,205.765,205.765,1624306
2024-05-07 10:00:00-04:00,204.96,205.455,204.645,205.34,205.34,2037084
2024-05-07 09:30:00-04:00,204.77,205.32,204.5,204.96,204.96,2661563
2024-05-06 15:30:00-04:00,204.185,204.45,204.13,204.44,204.44,3577132
2024-05-06 15:00:00-04:00,204.44,204.44,204.02,204.19,204.19,1638776
2024-05-06 14:30:00-04:00,204.665,204.68,204.35,204.45,204.45,979648
2024-05-06 14:00:00-04:00,204.535,204.73,204.49,204.66,204.66,1056647
2024-05-06 13:30:00-04:00,204.435,204.67,204.31,204.535,204.535,829739
2024-05-06 13:00:00-04:00,204.385,204.51,204.275,204.43,204.43,837337
2024-05-06 12:30:00-04:00,204.32,204.41,204.07,204.39,204.39,964357
2024-05-06 12:00:00-04:00,204.53,204.5301,204.2,204.33,204.33,863294
2024-05-06 11:30:00-04:00,204.16,204.6,204.095,204.535,204.535,1217399
2024-05-06 11:00:00-04:00,204.24,204.28,203.84,204.15,204.15,1454444
2024-05-06 10:30:00-04:00,204.56,204.755,204.21,204.24,204.24,2772308
2024-05-06 10:00:00-04:00,204.45,204.755,204.33,204.54,204.54,2112065
2024-05-06 09:30:00-04:00,203.47,204.45,203.38,204.44,204.44,3261958
2024-05-03 15:30:00-04:00,201.705,202.01,201.58,201.89,201.89,3701693
2024-05-03 15:00:00-04:00,201.79,201.8,201.47,201.71,201.71,1337096
2024-05-03 14:30:00-04:00,202.09,202.22,201.585,201.795,201.795,1028256
2024-05-03 14:00:00-04:00,201.89,202.24,201.89,202.09,202.09,1260153
2024-05-03 13:30:00-04:00,201.52,202.04,201.27,201.89,201.89,797904
2024-05-03 13:00:00-04:00,201.84,201.96,201.52,201.525,201.525,976215
2024-05-03 12:30:00-04:00,201.885,202.07,201.705,201.83,201.83,834600
2024-05-03 12:00:00-04:00,201.84,202.065,201.7,201.88,201.88,1255715
2024-05-03 11:30:00-04:00,201.56,201.995,201.34,201.8,201.8,1558674
2024-05-03 11:00:00-04:00,201.55,201.8,201.12,201.54,201.54,1602389
2024-05-03 10:30:00-04:00,202.02,202.24,201.31,201.55,201.55,2169186
2024-05-03 10:00:00-04:00,203.64,204.16,201.35,202.01,202.01,5971878
2024-05-03 09:30:00-04:00,203.8636,204.0,202.67,203.595,203.595,6972042
2024-05-02 15:30:00-04:00,199.895,200.07,199.365,199.99,199.99,4416728
2024-05-02 15:00:00-04:00,199.8,200.12,199.55,199.89,199.89,1737231
2024-05-02 14:30:00-04:00,199.52,199.94,199.48,199.79,199.79,1234898
2024-05-02 14:00:00-04:00,199.31,199.5771,199.18,199.525,199.525,1764107
2024-05-02 13:30:00-04:00,199.395,199.455,198.975,199.29,199.29,1616287
2024-05-02 13:00:00-04:00,198.75,199.37,198.73,199.36,199.36,1174332
2024-05-02 12:30:00-04:00,198.47,198.795,198.01,198.73,198.73,868278
2024-05-02 12:00:00-04:00,198.61,198.645,198.19,198.47,198.47,1000886
2024-05-02 11:30:00-04:00,198.37,198.62,198.17,198.61,198.61,827538
2024-05-02 11:00:00-04:00,198.34,198.68,198.17,198.36,198.36,1337126
2024-05-02 10:30:00-04:00,197.81,198.41,197.23,198.33,198.33,1767116
2024-05-02 10:00:00-04:00,197.51,197.85,196.54,197.81,197.81,2194441
2024-05-02 09:30:00-04:00,198.78,199.16,197.28,197.5,197.5,4467521
2024-05-01 15:30:00-04:00,198.72,198.72,196.16,196.26,196.26,6935152
2024-05-01 15:00:00-04:00,199.81,200.32,198.45,198.72,198.72,4446193
2024-05-01 14:30:00-04:00,197.045,200.0,195.84,199.8,199.8,6759490
2024-05-01 14:00:00-04:00,195.83,197.14,195.52,197.12,197.12,2984879
2024-05-01 13:30:00-04:00,195.8,196.21,195.77,195.83,195.83,1086513
2024-05-01 13:00:00-04:00,195.56,195.86,195.34,195.8,195.8,678093
2024-05-01 12:30:00-04:00,195.96,195.98,195.48,195.55,195.55,1139567
2024-05-01 12:00:00-04:00,195.24,196.05,195.06,195.97,195.97,881491
2024-05-01 11:30:00-04:00,195.32,195.605,195.18,195.25,195.25,1216175
2024-05-01 11:00:00-04:00,195.835,195.86,195.025,195.41,195.41,1675768
2024-05-01 10:30:00-04:00,195.62,195.985,195.27,195.835,195.835,1476006
2024-05-01 10:00:00-04:00,195.63,196.16,195.34,195.63,195.63,2752923
2024-05-01 09:30:00-04:00,195.88,196.88,195.68,196.0,196.0,3060394
2024-04-30 15:30:00-04:00,196.59,196.66,195.75,195.84,195.84,5819995
2024-04-30 15:00:00-04:00,196.65,196.88,196.41,196.59,196.59,1484968
2024-04-30 14:30:00-04:00,196.75,197.0775,196.495,196.63,196.63,1214223
2024-04-30 14:00:00-04:00,197.2,197.33,196.71,196.74,196.74,1165650
2024-04-30 13:30:00-04:00,196.89,197.255,196.82,197.2,197.2,856212
2024-04-30 13:00:00-04:00,196.74,197.09,196.631,196.87,196.87,2041242
2024-04-30 12:30:00-04:00,197.2501,197.255,196.49,196.74,196.74,2027148
2024-04-30 12:00:00-04:00,197.345,197.5,197.0713,197.26,197.26,1132712
2024-04-30 11:30:00-04:00,197.58,197.58,197.07,197.35,197.35,972967
2024-04-30 11:00:00-04:00,197.975,198.13,197.04,197.58,197.58,1902580
2024-04-30 10:30:00-04:00,198.06,198.2301,197.58,197.98,197.98,1348974
2024-04-30 10:00:00-04:00,198.21,198.61,197.87,198.06,198.06,2133421
2024-04-30 09:30:00-04:00,198.11,198.65,197.16,198.2525,198.2525,3759747
2024-04-29 15:30:00-04:00,199.49,199.97,199.43,199.92,199.92,2841861
2024-04-29 15:00:00-04:00,200.03,200.03,198.88,199.49,199.49,1874461
2024-04-29 14:30:00-04:00,200.08,200.1,199.63,200.04,200.04,716089
2024-04-29 14:00:00-04:00,200.235,200.235,199.935,200.08,200.08,1647529
2024-04-29 13:30:00-04:00,200.18,200.3,200.065,200.24,200.24,1081052
2024-04-29 13:00:00-04:00,199.96,200.23,199.89,200.18,200.18,747413
2024-04-29 12:30:00-04:00,200.13,200.41,199.895,199.97,199.97,1150587
2024-04-29 12:00:00-04:00,199.75,200.13,199.7099,200.13,200.13,989520
2024-04-29 11:30:00-04:00,199.65,199.7899,199.43,199.7401,199.7401,1620218
2024-04-29 11:00:00-04:00,199.75,199.97,199.595,199.65,199.65,1001531
2024-04-29 10:30:00-04:00,199.86,200.11,199.61,199.745,199.745,771760
2024-04-29 10:00:00-04:00,199.56,200.025,199.48,199.94,199.94,1201715
2024-04-29 09:30:00-04:00,199.25,200.22,199.23,199.57,199.57,3030622
2024-04-26 15:30:00-04:00,198.515,198.59,198.35,198.39,198.39,3484802
2024-04-26 15:00:00-04:00,198.74,198.75,198.52,198.58,198.58,1364507
2024-04-26 14:30:00-04:00,198.545,198.79,198.39,198.74,198.74,1355233
2024-04-26 14:00:00-04:00,198.735,198.775,198.48,198.5567,198.5567,702432
2024-04-26 13:30:00-04:00,198.76,198.84,198.465,198.73,198.73,1084659
2024-04-26 13:00:00-04:00,198.81,198.89,198.54,198.76,198.76,908745
2024-04-26 12:30:00-04:00,198.48,198.81,198.44,198.81,198.81,832987
2024-04-26 12:00:00-04:00,198.2,198.51,198.04,198.47,198.47,1026333
2024-04-26 11:30:00-04:00,197.78,198.202,197.515,198.19,198.19,1197658
2024-04-26 11:00:00-04:00,198.09,198.42,197.58,197.78,197.78,1414974
2024-04-26 10:30:00-04:00,198.14,198.535,197.8,198.08,198.08,1709372
2024-04-26 10:00:00-04:00,198.38,198.78,198.02,198.12,198.12,2391197
2024-04-26 09:30:00-04:00,197.0,198.45,196.42,198.34,198.34,4885395
2024-04-25 15:30:00-04:00,196.66,196.66,196.01,196.49,196.49,2747722
2024-04-25 15:00:00-04:00,196.09,196.83,196.05,196.66,196.66,2415141
2024-04-25 14:30:00-04:00,195.63,196.1,195.6,196.09,196.09,1407698
2024-04-25 14:00:00-04:00,196.31,196.39,195.615,195.64,195.64,1789517
2024-04-25 13:30:00-04:00,195.53,196.5,195.46,196.31,196.31,2075459
2024-04-25 13:00:00-04:00,195.73,195.942,195.225,195.54,195.54,1581389
2024-04-25 12:30:00-04:00,195.405,195.88,195.23,195.7101,195.7101,1156947
2024-04-25 12:00:00-04:00,195.33,195.61,195.09,195.415,195.415,1757098
2024-04-25 11:30:00-04:00,195.105,195.39,194.71,195.34,195.34,1282638
2024-04-25 11:00:00-04:00,194.85,195.17,194.65,195.12,195.12,1670099
2024-04-25 10:30:00-04:00,195.34,195.42,194.45,194.86,194.86,2049261
2024-04-25 10:00:00-04:00,194.29,195.36,193.77,195.33,195.33,3179784
2024-04-25 09:30:00-04:00,195.44,195.68,193.88,194.285,194.285,6057821
2024-04-24 15:30:00-04:00,197.49,198.05,197.435,197.68,197.68,3121354
2024-04-24 15:00:00-04:00,197.22,197.59,196.99,197.49,197.49,1437088
2024-04-24 14:30:00-04:00,197.32,197.48,197.01,197.22,197.22,1242665
2024-04-24 14:00:00-04:00,197.915,197.93,197.14,197.33,197.33,1440011
2024-04-24 13:30:00-04:00,197.39,197.97,197.36,197.92,197.92,1928393
2024-04-24 13:00:00-04:00,197.09,197.395,196.95,197.38,197.38,1258279
2024-04-24 12:30:00-04:00,196.91,197.13,196.46,197.09,197.09,1168790
2024-04-24 12:00:00-04:00,196.73,196.98,196.53,196.91,196.91,1100499
2024-04-24 11:30:00-04:00,197.27,197.418,196.4601,196.74,196.74,1400225
2024-04-24 11:00:00-04:00,197.62,197.71,196.93,197.27,197.27,2177869
2024-04-24 10:30:00-04:00,198.195,198.365,197.4,197.58,197.58,1851139
2024-04-24 10:00:00-04:00,198.46,198.9103,198.115,198.19,198.19,2229878
2024-04-24 09:30:00-04:00,198.17,198.91,197.14,198.44,198.44,4267150
2024-04-23 15:30:00-04:00,198.59,198.69,198.275,198.52,198.52,6080655
2024-04-23 15:00:00-04:00,199.12,199.13,198.51,198.6,198.6,2849888
2024-04-23 14:30:00-04:00,199.18,199.32,198.94,199.13,199.13,1890279
2024-04-23 14:00:00-04:00,199.18,199.32,198.87,199.17,199.17,1862622
2024-04-23 13:30:00-04:00,198.87,199.2,198.72,199.1799,199.1799,1125107
2024-04-23 13:00:00-04:00,198.56,198.88,198.44,198.87,198.87,1276936
2024-04-23 12:30:00-04:00,198.51,198.84,198.38,198.57,198.57,1398336
2024-04-23 12:00:00-04:00,198.24,198.54,198.14,198.5291,198.5291,1009478
2024-04-23 11:30:00-04:00,198.62,198.669,198.16,198.21,198.21,1157930
2024-04-23 11:00:00-04:00,198.45,198.77,197.89,198.62,198.62,1791869
2024-04-23 10:30:00-04:00,198.475,198.75,198.13,198.44,198.44,2188751
2024-04-23 10:00:00-04:00,197.565,198.475,197.5,198.45,198.45,2696671
2024-04-23 09:30:00-04:00,195.26,197.82,195.13,197.79,197.79,4482244
2024-04-22 15:30:00-04:00,195.53,195.585,194.98,195.23,195.23,5358354
2024-04-22 15:00:00-04:00,195.93,195.995,195.39,195.52,195.52,1299721
2024-04-22 14:30:00-04:00,196.13,196.295,195.56,195.92,195.92,1981003
2024-04-22 14:00:00-04:00,195.85,196.25,195.8,196.14,196.14,1760745
2024-04-22 13:30:00-04:00,195.45,196.17,195.28,195.845,195.845,1678485
2024-04-22 13:00:00-04:00,194.85,195.46,194.72,195.45,195.45,1427290
2024-04-22 12:30:00-04:00,194.39,194.86,194.15,194.84,194.84,1373976
2024-04-22 12:00:00-04:00,194.04,194.67,193.88,194.395,194.395,1479737
2024-04-22 11:30:00-04:00,193.48,194.07,193.35,194.04,194.04,2148888
2024-04-22 11:00:00-04:00,193.73,193.73,193.24,193.47,193.47,2512497
2024-04-22 10:30:00-04:00,193.92,194.4,193.68,193.73,193.73,1697412
2024-04-22 10:00:00-04:00,193.94,194.38,193.72,193.9101,193.9101,1989335
2024-04-22 09:30:00-04:00,194.21,194.6,192.9,193.94,193.94,4436713
2024-04-19 15:30:00-04:00,192.37,193.32,192.07,193.08,193.08,5784683
2024-04-19 15:00:00-04:00,191.94,192.6497,191.71,192.38,192.38,3195934
2024-04-19 14:30:00-04:00,191.82,192.1292,191.34,191.95,191.95,2488210
2024-04-19 14:00:00-04:00,192.95,192.96,191.86,191.86,191.86,2674283
2024-04-19 13:30:00-04:00,192.69,193.49,192.63,192.95,192.95,1449747
2024-04-19 13:00:00-04:00,192.87,193.29,192.66,192.6999,192.6999,1620067
2024-04-19 12:30:00-04:00,192.04,192.99,192.02,192.88,192.88,2976535
2024-04-19 12:00:00-04:00,193.1,193.385,192.0,192.02,192.02,2467249
2024-04-19 11:30:00-04:00,193.12,193.51,192.86,193.12,193.12,1482791
2024-04-19 11:00:00-04:00,193.1,193.425,192.71,193.12,193.12,3535292
2024-04-19 10:30:00-04:00,193.35,193.64,192.71,193.105,193.105,2870491
2024-04-19 10:00:00-04:00,194.1,194.39,192.95,193.38,193.38,3224947
2024-04-19 09:30:00-04:00,191.94,194.26,191.79,194.1,194.1,7117040
2024-04-18 15:30:00-04:00,193.01,193.29,192.58,192.76,192.76,5172648
2024-04-18 15:00:00-04:00,192.6,193.09,192.55,193.0,193.0,2246705
2024-04-18 14:30:00-04:00,192.73,192.83,192.15,192.6,192.6,3550095
2024-04-18 14:00:00-04:00,193.33,193.33,192.63,192.729,192.729,3081661
2024-04-18 13:30:00-04:00,193.65,193.725,192.95,193.34,193.34,2392693
2024-04-18 13:00:00-04:00,194.0,194.15,192.93,193.645,193.645,2891107
2024-04-18 12:30:00-04:00,194.84,194.955,193.76,194.0,194.0,2493749
2024-04-18 12:00:00-04:00,194.81,195.11,194.48,194.95,194.95,1463947
2024-04-18 11:30:00-04:00,195.15,195.29,194.655,194.81,194.81,3609488
2024-04-18 11:00:00-04:00,195.12,195.655,194.95,195.14,195.14,1831123
2024-04-18 10:30:00-04:00,194.66,195.27,194.49,195.1125,195.1125,2525581
2024-04-18 10:00:00-04:00,193.71,194.7,193.125,194.66,194.66,2440079
2024-04-18 09:30:00-04:00,193.7,193.96,192.6,193.71,193.71,4102154
2024-04-17 15:30:00-04:00,193.3,193.855,192.99,193.06,193.06,6243558
2024-04-17 15:00:00-04:00,194.02,194.02,193.25,193.3,193.3,1865055
2024-04-17 14:30:00-04:00,194.34,195.21,193.82,194.02,194.02,2237854
2024-04-17 14:00:00-04:00,194.82,194.89,194.085,194.35,194.35,1634245
2024-04-17 13:30:00-04:00,194.67,194.88,194.18,194.82,194.82,3646845
2024-04-17 13:00:00-04:00,193.38,194.705,193.32,194.6879,194.6879,2679400
2024-04-17 12:30:00-04:00,193.71,193.8098,193.08,193.37,193.37,2371364
2024-04-17 12:00:00-04:00,194.39,194.39,193.47,193.715,193.715,2459684
2024-04-17 11:30:00-04:00,194.11,194.54,193.78,194.4,194.4,2365563
2024-04-17 11:00:00-04:00,194.76,195.32,194.095,194.11,194.11,2065820
2024-04-17 10:30:00-04:00,195.012,195.31,194.3795,194.75,194.75,1889593
2024-04-17 10:00:00-04:00,196.13,196.14,194.85,195.22,195.22,2440396
2024-04-17 09:30:00-04:00,196.47,196.62,195.91,196.12,196.12,3554472
2024-04-16 15:30:00-04:00,195.5398,195.54,194.65,195.09,195.09,4198899
2024-04-16 15:00:00-04:00,195.66,195.66,195.16,195.53,195.53,1964323
2024-04-16 14:30:00-04:00,194.64,195.65,194.45,195.6499,195.6499,2522844
2024-04-16 14:00:00-04:00,194.77,196.24,194.45,194.65,194.65,4271474
2024-04-16 13:30:00-04:00,195.27,195.36,193.96,194.905,194.905,5067225
2024-04-16 13:00:00-04:00,195.385,195.6998,195.01,195.25,195.25,1629869
2024-04-16 12:30:00-04:00,195.13,195.51,195.01,195.375,195.375,1974245
2024-04-16 12:00:00-04:00,195.0,195.34,194.62,195.15,195.15,1765505
2024-04-16 11:30:00-04:00,195.06,195.4999,194.77,194.9918,194.9918,2163393
2024-04-16 11:00:00-04:00,194.13,195.12,194.11,195.06,195.06,2806805
2024-04-16 10:30:00-04:00,193.92,194.38,193.4,194.13,194.13,2573086
2024-04-16 10:00:00-04:00,193.92,194.64,193.61,193.93,193.93,3360717
2024-04-16 09:30:00-04:00,194.41,194.51,193.36,193.92,193.92,6267535
2024-04-15 15:30:00-04:00,195.37,196.08,195.36,195.82,195.82,5613483
2024-04-15 15:00:00-04:00,195.43,195.62,194.98,195.37,195.37,2613323
2024-04-15 14:30:00-04:00,195.58,196.08,195.17,195.45,195.45,2296458
2024-04-15 14:00:00-04:00,196.39,196.48,195.49,195.59,195.59,2452843
2024-04-15 13:30:00-04:00,195.92,196.44,195.5,196.39,196.39,3751286
2024-04-15 13:00:00-04:00,196.965,197.1525,195.88,195.91,195.91,2537574
2024-04-15 12:30:00-04:00,197.055,197.27,196.92,196.97,196.97,1962762
2024-04-15 12:00:00-04:00,197.99,198.29,197.1,197.26,197.26,1387797
2024-04-15 11:30:00-04:00,197.44,198.1,197.42,197.99,197.99,1882985
2024-04-15 11:00:00-04:00,197.53,197.71,196.83,197.42,197.42,2845299
2024-04-15 10:30:00-04:00,197.63,198.43,197.51,197.53,197.53,2715039
2024-04-15 10:00:00-04:00,199.5,199.55,197.59,197.62,197.62,3374385
2024-04-15 09:30:00-04:00,199.37,200.23,199.18,199.51,199.51,4901195
2024-04-12 15:30:00-04:00,197.93,198.7,197.875,198.7,198.7,5633573
2024-04-12 15:00:00-04:00,198.11,198.17,197.68,197.93,197.93,3367522
2024-04-12 14:30:00-04:00,198.52,198.525,197.99,198.105,198.105,2056133
2024-04-12 14:00:00-04:00,198.84,199.185,198.51,198.53,198.53,1792586
2024-04-12 13:30:00-04:00,198.71,199.17,198.32,198.85,198.85,2823865
2024-04-12 13:00:00-04:00,199.11,199.32,198.64,198.71,198.71,1673243
2024-04-12 12:30:00-04:00,199.57,199.6,199.04,199.11,199.11,1694105
2024-04-12 12:00:00-04:00,200.05,200.14,199.43,199.57,199.57,1239471
2024-04-12 11:30:00-04:00,200.2,200.24,199.855,200.055,200.055,1213241
2024-04-12 11:00:00-04:00,199.8,200.205,199.555,200.19,200.19,2045625
2024-04-12 10:30:00-04:00,200.03,200.26,199.6,199.7999,199.7999,1698272
2024-04-12 10:00:00-04:00,200.69,201.07,199.655,200.04,200.04,3310073
2024-04-12 09:30:00-04:00,201.23,201.91,200.66,201.03,201.03,4757897
2024-04-11 15:30:00-04:00,202.25,202.52,202.01,202.34,202.34,4838095
2024-04-11 15:00:00-04:00,202.22,202.37,202.03,202.255,202.255,2292938
2024-04-11 14:30:00-04:00,202.655,202.745,202.21,202.23,202.23,1803268
2024-04-11 14:00:00-04:00,202.47,202.91,202.4,202.655,202.655,3090825
2024-04-11 13:30:00-04:00,202.43,202.565,201.9401,202.45,202.45,1489108
2024-04-11 13:00:00-04:00,201.77,202.63,201.5,202.42,202.42,2927633
2024-04-11 12:30:00-04:00,201.38,201.82,201.31,201.76,201.76,1254951
2024-04-11 12:00:00-04:00,202.0,202.115,201.44,201.445,201.445,1967792
2024-04-11 11:30:00-04:00,200.59,202.06,200.55,202.02,202.02,1746360
2024-04-11 11:00:00-04:00,200.47,200.82,200.2597,200.59,200.59,1487725
2024-04-11 10:30:00-04:00,200.17,201.005,200.11,200.46,200.46,1848292
2024-04-11 10:00:00-04:00,201.4,201.44,200.1,200.1501,200.1501,3059511
2024-04-11 09:30:00-04:00,201.97,202.18,200.89,201.4,201.4,7140311
2024-04-10 15:30:00-04:00,200.64,201.16,200.03,200.88,200.88,6185432
2024-04-10 15:00:00-04:00,199.7695,201.01,199.635,200.64,200.64,3193294
2024-04-10 14:30:00-04:00,199.9,200.33,199.72,199.76,199.76,2271742
2024-04-10 14:00:00-04:00,200.52,200.82,199.88,199.89,199.89,2132020
2024-04-10 13:30:00-04:00,200.19,200.8925,199.54,200.51,200.51,4501556
2024-04-10 13:00:00-04:00,201.08,201.15,199.855,200.2,200.2,4450863
2024-04-10 12:30:00-04:00,200.86,201.17,200.71,201.05,201.05,1773934
2024-04-10 12:00:00-04:00,200.83,201.1,200.69,200.98,200.98,1673410
2024-04-10 11:30:00-04:00,201.69,201.7,200.705,200.83,200.83,1763574
2024-04-10 11:00:00-04:00,201.41,201.7,201.07,201.695,201.695,2567957
2024-04-10 10:30:00-04:00,202.05,202.93,201.238,201.41,201.41,4112126
2024-04-10 10:00:00-04:00,201.25,202.39,200.78,202.04,202.04,5540503
2024-04-10 09:30:00-04:00,200.5,201.53,200.01,201.24,201.24,14254333
2024-04-09 15:30:00-04:00,206.255,206.49,205.81,206.38,206.38,3414762
2024-04-09 15:00:00-04:00,205.53,206.29,205.01,206.25,206.25,1791563
2024-04-09 14:30:00-04:00,205.605,205.74,205.44,205.645,205.645,1021251
2024-04-09 14:00:00-04:00,205.55,205.82,205.3,205.6,205.6,1530550
2024-04-09 13:30:00-04:00,205.8099,206.02,205.55,205.55,205.55,476188
2024-04-09 13:00:00-04:00,205.65,206.01,205.45,205.79,205.79,1024206
2024-04-09 12:30:00-04:00,205.69,205.91,205.49,205.65,205.65,1006821
2024-04-09 12:00:00-04:00,205.33,205.81,205.24,205.685,205.685,876193
2024-04-09 11:30:00-04:00,205.27,205.41,204.86,205.34,205.34,1994933
2024-04-09 11:00:00-04:00,204.93,205.59,204.77,205.28,205.28,1560545
2024-04-09 10:30:00-04:00,205.69,205.7,204.47,204.94,204.94,2701122
2024-04-09 10:00:00-04:00,205.9,206.465,205.54,205.68,205.68,1598176
2024-04-09 09:30:00-04:00,206.22,206.97,205.625,205.89,205.89,2930892
2024-04-08 15:30:00-04:00,205.96,206.06,205.43,205.62,205.62,2975283
2024-04-08 15:00:00-04:00,206.0,206.01,205.67,205.97,205.97,1057771
2024-04-08 14:30:00-04:00,206.055,206.06,205.81,206.0,206.0,744128
2024-04-08 14:00:00-04:00,206.06,206.185,205.8701,206.05,206.05,930850
2024-04-08 13:30:00-04:00,205.9,206.1,205.72,206.042,206.042,808721
2024-04-08 13:00:00-04:00,206.0,206.02,205.715,205.91,205.91,772741
2024-04-08 12:30:00-04:00,205.56,205.99,205.49,205.99,205.99,1407849
2024-04-08 12:00:00-04:00,205.4,205.6,205.205,205.56,205.56,1025835
2024-04-08 11:30:00-04:00,205.77,205.77,205.15,205.4,205.4,1181514
2024-04-08 11:00:00-04:00,205.79,206.0,205.51,205.77,205.77,1146199
2024-04-08 10:30:00-04:00,205.24,205.92,205.19,205.77,205.77,1618362
2024-04-08 10:00:00-04:00,205.32,205.35,204.58,205.24,205.24,1922288
2024-04-08 09:30:00-04:00,205.98,206.4197,205.23,205.32,205.32,3952286
2024-04-05 15:30:00-04:00,204.715,205.05,204.38,204.45,204.45,3527004
2024-04-05 15:00:00-04:00,204.54,204.805,204.45,204.73,204.73,1215348
2024-04-05 14:30:00-04:00,204.45,204.82,204.29,204.53,204.53,1080911
2024-04-05 14:00:00-04:00,204.57,205.13,204.23,204.45,204.45,1274390
2024-04-05 13:30:00-04:00,205.2,205.345,204.41,204.57,204.57,911141
2024-04-05 13:00:00-04:00,205.64,205.64,204.96,205.19,205.19,916810
2024-04-05 12:30:00-04:00,205.27,205.695,204.98,205.648,205.648,1392149
2024-04-05 12:00:00-04:00,205.01,205.39,204.75,205.26,205.26,1566175
2024-04-05 11:30:00-04:00,204.34,205.07,204.27,205.0051,205.0051,1796724
2024-04-05 11:00:00-04:00,204.63,204.63,203.71,204.35,204.35,1838040
2024-04-05 10:30:00-04:00,203.7,204.65,203.52,204.63,204.63,1896592
2024-04-05 10:00:00-04:00,203.92,204.36,203.42,203.695,203.695,3131142
2024-04-05 09:30:00-04:00,203.14,204.15,202.88,203.94,203.94,6068565
2024-04-04 15:30:00-04:00,203.5,204.165,203.21,203.7,203.7,5828329
2024-04-04 15:00:00-04:00,204.44,204.568,203.47,203.4817,203.4817,4299066
2024-04-04 14:30:00-04:00,205.57,205.67,204.2601,204.475,204.475,3279542
2024-04-04 14:00:00-04:00,207.16,207.21,205.53,205.58,205.58,2516105
2024-04-04 13:30:00-04:00,207.595,207.66,207.14,207.1617,207.1617,1078955
2024-04-04 13:00:00-04:00,207.905,207.91,207.585,207.595,207.595,775789
2024-04-04 12:30:00-04:00,207.96,208.03,207.86,207.9,207.9,441535
2024-04-04 12:00:00-04:00,207.99,208.17,207.87,207.955,207.955,999132
2024-04-04 11:30:00-04:00,207.71,208.0,207.65,207.985,207.985,896301
2024-04-04 11:00:00-04:00,208.13,208.16,207.51,207.7,207.7,1120797
2024-04-04 10:30:00-04:00,207.77,208.225,207.705,208.1241,208.1241,1499118
2024-04-04 10:00:00-04:00,207.85,208.12,207.46,207.76,207.76,1827748
2024-04-04 09:30:00-04:00,208.05,208.55,207.63,207.85,207.85,3865438
2024-04-03 15:30:00-04:00,205.39,205.945,205.305,205.78,205.78,4021590
2024-04-03 15:00:00-04:00,206.19,206.195,205.23,205.385,205.385,2049745
2024-04-03 14:30:00-04:00,206.23,206.26,206.03,206.185,206.185,883048
2024-04-03 14:00:00-04:00,206.06,206.315,206.02,206.23,206.23,766108
2024-04-03 13:30:00-04:00,206.24,206.345,206.005,206.06,206.06,779342
2024-04-03 13:00:00-04:00,206.0,206.325,205.925,206.22,206.22,1022125
2024-04-03 12:30:00-04:00,206.1,206.4,205.62,206.0,206.0,1885202
2024-04-03 12:00:00-04:00,205.48,206.105,205.25,206.0999,206.0999,1204032
2024-04-03 11:30:00-04:00,206.07,206.12,205.37,205.47,205.47,1131022
2024-04-03 11:00:00-04:00,205.98,206.17,205.75,206.06,206.06,1930495
2024-04-03 10:30:00-04:00,205.29,206.24,205.28,205.96,205.96,2273872
2024-04-03 10:00:00-04:00,203.96,205.68,203.96,205.285,205.285,3889650
2024-04-03 09:30:00-04:00,203.38,204.72,203.28,203.95,203.95,3684882
2024-04-02 15:30:00-04:00,204.06,204.69,203.995,204.54,204.54,7432206
2024-04-02 15:00:00-04:00,203.9,204.13,203.76,204.05,204.05,1784597
2024-04-02 14:30:00-04:00,203.9,204.055,203.83,203.9,203.9,1335876
2024-04-02 14:00:00-04:00,203.59,204.008,203.58,203.91,203.91,982373
2024-04-02 13:30:00-04:00,203.653,203.7,203.4,203.59,203.59,1391023
2024-04-02 13:00:00-04:00,204.09,204.11,203.62,203.66,203.66,1369712
2024-04-02 12:30:00-04:00,203.93,204.1276,203.78,204.08,204.08,1597589
2024-04-02 12:00:00-04:00,204.04,204.12,203.73,203.93,203.93,1931326
2024-04-02 11:30:00-04:00,204.55,204.55,203.995,204.04,204.04,1933400
2024-04-02 11:00:00-04:00,204.36,204.73,204.28,204.55,204.55,2290953
2024-04-02 10:30:00-04:00,204.73,204.98,204.27,204.35,204.35,2717690
2024-04-02 10:00:00-04:00,205.21,205.58,204.42,204.735,204.735,3307457
2024-04-02 09:30:00-04:00,205.75,205.88,204.58,205.2,205.2,5638081
2024-04-01 15:30:00-04:00,208.46,208.61,208.16,208.29,208.29,3321522
2024-04-01 15:00:00-04:00,208.36,208.595,208.265,208.455,208.455,901351
2024-04-01 14:30:00-04:00,208.34,208.47,208.27,208.36,208.36,766242
2024-04-01 14:00:00-04:00,208.56,208.565,208.32,208.35,208.35,636930
2024-04-01 13:30:00-04:00,208.305,208.675,208.145,208.57,208.57,1459071
2024-04-01 13:00:00-04:00,208.36,208.41,207.96,208.3,208.3,977387
